res_id,name,country_id,city,aggregate_rating,cuisines
results_found,results_start,results_shown,restaurants
results_found,results_start,results_shown,restaurants
results_found,results_start,results_shown,restaurants
results_found,results_start,results_shown,restaurants
results_found,results_start,results_shown,restaurants
results_found,results_start,results_shown,restaurants
results_found,results_start,results_shown,restaurants
results_found,results_start,results_shown,restaurants
results_found,results_start,results_shown,restaurants
results_found,results_start,results_shown,restaurants
results_found,results_start,results_shown,restaurants
results_found,results_start,results_shown,restaurants
results_found,results_start,results_shown,restaurants
results_found,results_start,results_shown,restaurants
results_found,results_start,results_shown,restaurants
results_found,results_start,results_shown,restaurants
results_found,results_start,results_shown,restaurants
results_found,results_start,results_shown,restaurants
results_found,results_start,results_shown,restaurants
results_found,results_start,results_shown,restaurants
results_found,results_start,results_shown,restaurants
results_found,results_start,results_shown,restaurants
results_found,results_start,results_shown,restaurants
results_found,results_start,results_shown,restaurants
results_found,results_start,results_shown,restaurants
results_found,results_start,results_shown,restaurants
results_found,results_start,results_shown,restaurants
results_found,results_start,results_shown,restaurants
results_found,results_start,results_shown,restaurants
results_found,results_start,results_shown,restaurants
results_found,results_start,results_shown,restaurants
results_found,results_start,results_shown,restaurants
results_found,results_start,results_shown,restaurants
results_found,results_start,results_shown,restaurants
results_found,results_start,results_shown,restaurants
results_found,results_start,results_shown,restaurants
results_found,results_start,results_shown,restaurants
results_found,results_start,results_shown,restaurants
results_found,results_start,results_shown,restaurants
results_found,results_start,results_shown,restaurants
results_found,results_start,results_shown,restaurants
results_found,results_start,results_shown,restaurants
results_found,results_start,results_shown,restaurants
results_found,results_start,results_shown,restaurants
results_found,results_start,results_shown,restaurants
results_found,results_start,results_shown,restaurants
results_found,results_start,results_shown,restaurants
results_found,results_start,results_shown,restaurants
results_found,results_start,results_shown,restaurants
results_found,results_start,results_shown,restaurants
results_found,results_start,results_shown,restaurants
results_found,results_start,results_shown,restaurants
results_found,results_start,results_shown,restaurants
results_found,results_start,results_shown,restaurants
results_found,results_start,results_shown,restaurants
results_found,results_start,results_shown,restaurants
results_found,results_start,results_shown,restaurants
results_found,results_start,results_shown,restaurants
results_found,results_start,results_shown,restaurants
results_found,results_start,results_shown,restaurants
results_found,results_start,results_shown,restaurants
results_found,results_start,results_shown,restaurants
results_found,results_start,results_shown,restaurants
results_found,results_start,results_shown,restaurants
results_found,results_start,results_shown,restaurants
results_found,results_start,results_shown,restaurants
results_found,results_start,results_shown,restaurants
results_found,results_start,results_shown,restaurants
results_found,results_start,results_shown,restaurants
results_found,results_start,results_shown,restaurants
results_found,results_start,results_shown,restaurants
results_found,results_start,results_shown,restaurants
results_found,results_start,results_shown,restaurants
results_found,results_start,results_shown,restaurants
results_found,results_start,results_shown,restaurants
results_found,results_start,results_shown,restaurants
results_found,results_start,results_shown,restaurants
results_found,results_start,results_shown,restaurants
results_found,results_start,results_shown,restaurants
